<?xml version="1.0" encoding="UTF-8"?>
<layouts>

  <skin name="" drawmode="canvas" rasterfont="verdana18" vectorfont="Nunito-SemiBold.ttf" > </skin>

  <color name="formcolorline">white</color>   
  <color name="formcolorback">black,75</color>
  
  <color name="titlecolorline">yellow</color>   
  <color name="titlecolorback">black,50</color>
 
  <layout name="message"> 
  
    <element name="formbase" type="form"  xpos="center" ypos="center" width="Max" height="Max" roundrect="15" linecolor="formcolorline" color="formcolorback">
          
      <element name="title" type="text" xpos="Center" ypos="up" margin="0,0,15,0" maxsizetext="Max" sizefont="20" color="titlecolorline" >#[TITLE]</element>  
      
      <element name="icon" blink="500" type="animation" xpos="left" ypos="up" margin="15,0,48,0" state="play" timedelay="35">
        <image>info.png</image>
      </element>
             
      <element name="textbox01" type="textbox"  xpos="left" ypos="up" margin="90,10,48,55" textalignment="left" wordclipping="yes" linespacing="5" sizefont="16" color="white">
        <text>#[MESSAGE]</text>
      </element>   

      <element name="ok-btn" type="button" xpos="right" ypos="down" visiblelimit="active,preselect,select,deactive" roundrect="10" margin="0,25,0,15" allocationtext="right" sizefont="18" visible="yes">
        <element name="animation02" type="animation">
          <image>ok.png</image>
        </element>
        <element name="text-btn" type="text" xpos="5" ypos="center" sizefont="10" color="white,100" >Confirmar</element>
      </element>      
      
    </element> 
    
  </layout>
   
</layouts> 

